E:\MedicalData\2024CL-Detection\train/Image/1.npy,E:\MedicalData\2024CL-Detection\train/Mask/1.npy
E:\MedicalData\2024CL-Detection\train/Image/10.npy,E:\MedicalData\2024CL-Detection\train/Mask/10.npy
E:\MedicalData\2024CL-Detection\train/Image/100.npy,E:\MedicalData\2024CL-Detection\train/Mask/100.npy
E:\MedicalData\2024CL-Detection\train/Image/101.npy,E:\MedicalData\2024CL-Detection\train/Mask/101.npy
E:\MedicalData\2024CL-Detection\train/Image/102.npy,E:\MedicalData\2024CL-Detection\train/Mask/102.npy
E:\MedicalData\2024CL-Detection\train/Image/103.npy,E:\MedicalData\2024CL-Detection\train/Mask/103.npy
E:\MedicalData\2024CL-Detection\train/Image/104.npy,E:\MedicalData\2024CL-Detection\train/Mask/104.npy
E:\MedicalData\2024CL-Detection\train/Image/105.npy,E:\MedicalData\2024CL-Detection\train/Mask/105.npy
E:\MedicalData\2024CL-Detection\train/Image/106.npy,E:\MedicalData\2024CL-Detection\train/Mask/106.npy
E:\MedicalData\2024CL-Detection\train/Image/108.npy,E:\MedicalData\2024CL-Detection\train/Mask/108.npy
E:\MedicalData\2024CL-Detection\train/Image/109.npy,E:\MedicalData\2024CL-Detection\train/Mask/109.npy
E:\MedicalData\2024CL-Detection\train/Image/11.npy,E:\MedicalData\2024CL-Detection\train/Mask/11.npy
E:\MedicalData\2024CL-Detection\train/Image/110.npy,E:\MedicalData\2024CL-Detection\train/Mask/110.npy
E:\MedicalData\2024CL-Detection\train/Image/111.npy,E:\MedicalData\2024CL-Detection\train/Mask/111.npy
E:\MedicalData\2024CL-Detection\train/Image/112.npy,E:\MedicalData\2024CL-Detection\train/Mask/112.npy
E:\MedicalData\2024CL-Detection\train/Image/113.npy,E:\MedicalData\2024CL-Detection\train/Mask/113.npy
E:\MedicalData\2024CL-Detection\train/Image/115.npy,E:\MedicalData\2024CL-Detection\train/Mask/115.npy
E:\MedicalData\2024CL-Detection\train/Image/116.npy,E:\MedicalData\2024CL-Detection\train/Mask/116.npy
E:\MedicalData\2024CL-Detection\train/Image/117.npy,E:\MedicalData\2024CL-Detection\train/Mask/117.npy
E:\MedicalData\2024CL-Detection\train/Image/118.npy,E:\MedicalData\2024CL-Detection\train/Mask/118.npy
E:\MedicalData\2024CL-Detection\train/Image/119.npy,E:\MedicalData\2024CL-Detection\train/Mask/119.npy
E:\MedicalData\2024CL-Detection\train/Image/12.npy,E:\MedicalData\2024CL-Detection\train/Mask/12.npy
E:\MedicalData\2024CL-Detection\train/Image/120.npy,E:\MedicalData\2024CL-Detection\train/Mask/120.npy
E:\MedicalData\2024CL-Detection\train/Image/121.npy,E:\MedicalData\2024CL-Detection\train/Mask/121.npy
E:\MedicalData\2024CL-Detection\train/Image/122.npy,E:\MedicalData\2024CL-Detection\train/Mask/122.npy
E:\MedicalData\2024CL-Detection\train/Image/123.npy,E:\MedicalData\2024CL-Detection\train/Mask/123.npy
E:\MedicalData\2024CL-Detection\train/Image/124.npy,E:\MedicalData\2024CL-Detection\train/Mask/124.npy
E:\MedicalData\2024CL-Detection\train/Image/125.npy,E:\MedicalData\2024CL-Detection\train/Mask/125.npy
E:\MedicalData\2024CL-Detection\train/Image/126.npy,E:\MedicalData\2024CL-Detection\train/Mask/126.npy
E:\MedicalData\2024CL-Detection\train/Image/127.npy,E:\MedicalData\2024CL-Detection\train/Mask/127.npy
E:\MedicalData\2024CL-Detection\train/Image/128.npy,E:\MedicalData\2024CL-Detection\train/Mask/128.npy
E:\MedicalData\2024CL-Detection\train/Image/129.npy,E:\MedicalData\2024CL-Detection\train/Mask/129.npy
E:\MedicalData\2024CL-Detection\train/Image/13.npy,E:\MedicalData\2024CL-Detection\train/Mask/13.npy
E:\MedicalData\2024CL-Detection\train/Image/130.npy,E:\MedicalData\2024CL-Detection\train/Mask/130.npy
E:\MedicalData\2024CL-Detection\train/Image/131.npy,E:\MedicalData\2024CL-Detection\train/Mask/131.npy
E:\MedicalData\2024CL-Detection\train/Image/132.npy,E:\MedicalData\2024CL-Detection\train/Mask/132.npy
E:\MedicalData\2024CL-Detection\train/Image/133.npy,E:\MedicalData\2024CL-Detection\train/Mask/133.npy
E:\MedicalData\2024CL-Detection\train/Image/134.npy,E:\MedicalData\2024CL-Detection\train/Mask/134.npy
E:\MedicalData\2024CL-Detection\train/Image/135.npy,E:\MedicalData\2024CL-Detection\train/Mask/135.npy
E:\MedicalData\2024CL-Detection\train/Image/136.npy,E:\MedicalData\2024CL-Detection\train/Mask/136.npy
E:\MedicalData\2024CL-Detection\train/Image/137.npy,E:\MedicalData\2024CL-Detection\train/Mask/137.npy
E:\MedicalData\2024CL-Detection\train/Image/138.npy,E:\MedicalData\2024CL-Detection\train/Mask/138.npy
E:\MedicalData\2024CL-Detection\train/Image/139.npy,E:\MedicalData\2024CL-Detection\train/Mask/139.npy
E:\MedicalData\2024CL-Detection\train/Image/14.npy,E:\MedicalData\2024CL-Detection\train/Mask/14.npy
E:\MedicalData\2024CL-Detection\train/Image/140.npy,E:\MedicalData\2024CL-Detection\train/Mask/140.npy
E:\MedicalData\2024CL-Detection\train/Image/141.npy,E:\MedicalData\2024CL-Detection\train/Mask/141.npy
E:\MedicalData\2024CL-Detection\train/Image/142.npy,E:\MedicalData\2024CL-Detection\train/Mask/142.npy
E:\MedicalData\2024CL-Detection\train/Image/143.npy,E:\MedicalData\2024CL-Detection\train/Mask/143.npy
E:\MedicalData\2024CL-Detection\train/Image/144.npy,E:\MedicalData\2024CL-Detection\train/Mask/144.npy
E:\MedicalData\2024CL-Detection\train/Image/145.npy,E:\MedicalData\2024CL-Detection\train/Mask/145.npy
E:\MedicalData\2024CL-Detection\train/Image/146.npy,E:\MedicalData\2024CL-Detection\train/Mask/146.npy
E:\MedicalData\2024CL-Detection\train/Image/147.npy,E:\MedicalData\2024CL-Detection\train/Mask/147.npy
E:\MedicalData\2024CL-Detection\train/Image/148.npy,E:\MedicalData\2024CL-Detection\train/Mask/148.npy
E:\MedicalData\2024CL-Detection\train/Image/149.npy,E:\MedicalData\2024CL-Detection\train/Mask/149.npy
E:\MedicalData\2024CL-Detection\train/Image/150.npy,E:\MedicalData\2024CL-Detection\train/Mask/150.npy
E:\MedicalData\2024CL-Detection\train/Image/151.npy,E:\MedicalData\2024CL-Detection\train/Mask/151.npy
E:\MedicalData\2024CL-Detection\train/Image/153.npy,E:\MedicalData\2024CL-Detection\train/Mask/153.npy
E:\MedicalData\2024CL-Detection\train/Image/154.npy,E:\MedicalData\2024CL-Detection\train/Mask/154.npy
E:\MedicalData\2024CL-Detection\train/Image/155.npy,E:\MedicalData\2024CL-Detection\train/Mask/155.npy
E:\MedicalData\2024CL-Detection\train/Image/156.npy,E:\MedicalData\2024CL-Detection\train/Mask/156.npy
E:\MedicalData\2024CL-Detection\train/Image/157.npy,E:\MedicalData\2024CL-Detection\train/Mask/157.npy
E:\MedicalData\2024CL-Detection\train/Image/158.npy,E:\MedicalData\2024CL-Detection\train/Mask/158.npy
E:\MedicalData\2024CL-Detection\train/Image/159.npy,E:\MedicalData\2024CL-Detection\train/Mask/159.npy
E:\MedicalData\2024CL-Detection\train/Image/160.npy,E:\MedicalData\2024CL-Detection\train/Mask/160.npy
E:\MedicalData\2024CL-Detection\train/Image/161.npy,E:\MedicalData\2024CL-Detection\train/Mask/161.npy
E:\MedicalData\2024CL-Detection\train/Image/162.npy,E:\MedicalData\2024CL-Detection\train/Mask/162.npy
E:\MedicalData\2024CL-Detection\train/Image/163.npy,E:\MedicalData\2024CL-Detection\train/Mask/163.npy
E:\MedicalData\2024CL-Detection\train/Image/164.npy,E:\MedicalData\2024CL-Detection\train/Mask/164.npy
E:\MedicalData\2024CL-Detection\train/Image/165.npy,E:\MedicalData\2024CL-Detection\train/Mask/165.npy
E:\MedicalData\2024CL-Detection\train/Image/166.npy,E:\MedicalData\2024CL-Detection\train/Mask/166.npy
E:\MedicalData\2024CL-Detection\train/Image/167.npy,E:\MedicalData\2024CL-Detection\train/Mask/167.npy
E:\MedicalData\2024CL-Detection\train/Image/168.npy,E:\MedicalData\2024CL-Detection\train/Mask/168.npy
E:\MedicalData\2024CL-Detection\train/Image/169.npy,E:\MedicalData\2024CL-Detection\train/Mask/169.npy
E:\MedicalData\2024CL-Detection\train/Image/17.npy,E:\MedicalData\2024CL-Detection\train/Mask/17.npy
E:\MedicalData\2024CL-Detection\train/Image/170.npy,E:\MedicalData\2024CL-Detection\train/Mask/170.npy
E:\MedicalData\2024CL-Detection\train/Image/171.npy,E:\MedicalData\2024CL-Detection\train/Mask/171.npy
E:\MedicalData\2024CL-Detection\train/Image/172.npy,E:\MedicalData\2024CL-Detection\train/Mask/172.npy
E:\MedicalData\2024CL-Detection\train/Image/173.npy,E:\MedicalData\2024CL-Detection\train/Mask/173.npy
E:\MedicalData\2024CL-Detection\train/Image/174.npy,E:\MedicalData\2024CL-Detection\train/Mask/174.npy
E:\MedicalData\2024CL-Detection\train/Image/175.npy,E:\MedicalData\2024CL-Detection\train/Mask/175.npy
E:\MedicalData\2024CL-Detection\train/Image/177.npy,E:\MedicalData\2024CL-Detection\train/Mask/177.npy
E:\MedicalData\2024CL-Detection\train/Image/178.npy,E:\MedicalData\2024CL-Detection\train/Mask/178.npy
E:\MedicalData\2024CL-Detection\train/Image/179.npy,E:\MedicalData\2024CL-Detection\train/Mask/179.npy
E:\MedicalData\2024CL-Detection\train/Image/18.npy,E:\MedicalData\2024CL-Detection\train/Mask/18.npy
E:\MedicalData\2024CL-Detection\train/Image/180.npy,E:\MedicalData\2024CL-Detection\train/Mask/180.npy
E:\MedicalData\2024CL-Detection\train/Image/181.npy,E:\MedicalData\2024CL-Detection\train/Mask/181.npy
E:\MedicalData\2024CL-Detection\train/Image/182.npy,E:\MedicalData\2024CL-Detection\train/Mask/182.npy
E:\MedicalData\2024CL-Detection\train/Image/183.npy,E:\MedicalData\2024CL-Detection\train/Mask/183.npy
E:\MedicalData\2024CL-Detection\train/Image/185.npy,E:\MedicalData\2024CL-Detection\train/Mask/185.npy
E:\MedicalData\2024CL-Detection\train/Image/186.npy,E:\MedicalData\2024CL-Detection\train/Mask/186.npy
E:\MedicalData\2024CL-Detection\train/Image/187.npy,E:\MedicalData\2024CL-Detection\train/Mask/187.npy
E:\MedicalData\2024CL-Detection\train/Image/188.npy,E:\MedicalData\2024CL-Detection\train/Mask/188.npy
E:\MedicalData\2024CL-Detection\train/Image/189.npy,E:\MedicalData\2024CL-Detection\train/Mask/189.npy
E:\MedicalData\2024CL-Detection\train/Image/19.npy,E:\MedicalData\2024CL-Detection\train/Mask/19.npy
E:\MedicalData\2024CL-Detection\train/Image/190.npy,E:\MedicalData\2024CL-Detection\train/Mask/190.npy
E:\MedicalData\2024CL-Detection\train/Image/191.npy,E:\MedicalData\2024CL-Detection\train/Mask/191.npy
E:\MedicalData\2024CL-Detection\train/Image/192.npy,E:\MedicalData\2024CL-Detection\train/Mask/192.npy
E:\MedicalData\2024CL-Detection\train/Image/193.npy,E:\MedicalData\2024CL-Detection\train/Mask/193.npy
E:\MedicalData\2024CL-Detection\train/Image/194.npy,E:\MedicalData\2024CL-Detection\train/Mask/194.npy
E:\MedicalData\2024CL-Detection\train/Image/195.npy,E:\MedicalData\2024CL-Detection\train/Mask/195.npy
E:\MedicalData\2024CL-Detection\train/Image/196.npy,E:\MedicalData\2024CL-Detection\train/Mask/196.npy
E:\MedicalData\2024CL-Detection\train/Image/197.npy,E:\MedicalData\2024CL-Detection\train/Mask/197.npy
E:\MedicalData\2024CL-Detection\train/Image/198.npy,E:\MedicalData\2024CL-Detection\train/Mask/198.npy
E:\MedicalData\2024CL-Detection\train/Image/199.npy,E:\MedicalData\2024CL-Detection\train/Mask/199.npy
E:\MedicalData\2024CL-Detection\train/Image/2.npy,E:\MedicalData\2024CL-Detection\train/Mask/2.npy
E:\MedicalData\2024CL-Detection\train/Image/20.npy,E:\MedicalData\2024CL-Detection\train/Mask/20.npy
E:\MedicalData\2024CL-Detection\train/Image/200.npy,E:\MedicalData\2024CL-Detection\train/Mask/200.npy
E:\MedicalData\2024CL-Detection\train/Image/201.npy,E:\MedicalData\2024CL-Detection\train/Mask/201.npy
E:\MedicalData\2024CL-Detection\train/Image/202.npy,E:\MedicalData\2024CL-Detection\train/Mask/202.npy
E:\MedicalData\2024CL-Detection\train/Image/203.npy,E:\MedicalData\2024CL-Detection\train/Mask/203.npy
E:\MedicalData\2024CL-Detection\train/Image/204.npy,E:\MedicalData\2024CL-Detection\train/Mask/204.npy
E:\MedicalData\2024CL-Detection\train/Image/205.npy,E:\MedicalData\2024CL-Detection\train/Mask/205.npy
E:\MedicalData\2024CL-Detection\train/Image/206.npy,E:\MedicalData\2024CL-Detection\train/Mask/206.npy
E:\MedicalData\2024CL-Detection\train/Image/207.npy,E:\MedicalData\2024CL-Detection\train/Mask/207.npy
E:\MedicalData\2024CL-Detection\train/Image/208.npy,E:\MedicalData\2024CL-Detection\train/Mask/208.npy
E:\MedicalData\2024CL-Detection\train/Image/209.npy,E:\MedicalData\2024CL-Detection\train/Mask/209.npy
E:\MedicalData\2024CL-Detection\train/Image/21.npy,E:\MedicalData\2024CL-Detection\train/Mask/21.npy
E:\MedicalData\2024CL-Detection\train/Image/210.npy,E:\MedicalData\2024CL-Detection\train/Mask/210.npy
E:\MedicalData\2024CL-Detection\train/Image/211.npy,E:\MedicalData\2024CL-Detection\train/Mask/211.npy
E:\MedicalData\2024CL-Detection\train/Image/212.npy,E:\MedicalData\2024CL-Detection\train/Mask/212.npy
E:\MedicalData\2024CL-Detection\train/Image/213.npy,E:\MedicalData\2024CL-Detection\train/Mask/213.npy
E:\MedicalData\2024CL-Detection\train/Image/215.npy,E:\MedicalData\2024CL-Detection\train/Mask/215.npy
E:\MedicalData\2024CL-Detection\train/Image/216.npy,E:\MedicalData\2024CL-Detection\train/Mask/216.npy
E:\MedicalData\2024CL-Detection\train/Image/217.npy,E:\MedicalData\2024CL-Detection\train/Mask/217.npy
E:\MedicalData\2024CL-Detection\train/Image/218.npy,E:\MedicalData\2024CL-Detection\train/Mask/218.npy
E:\MedicalData\2024CL-Detection\train/Image/219.npy,E:\MedicalData\2024CL-Detection\train/Mask/219.npy
E:\MedicalData\2024CL-Detection\train/Image/22.npy,E:\MedicalData\2024CL-Detection\train/Mask/22.npy
E:\MedicalData\2024CL-Detection\train/Image/220.npy,E:\MedicalData\2024CL-Detection\train/Mask/220.npy
E:\MedicalData\2024CL-Detection\train/Image/221.npy,E:\MedicalData\2024CL-Detection\train/Mask/221.npy
E:\MedicalData\2024CL-Detection\train/Image/222.npy,E:\MedicalData\2024CL-Detection\train/Mask/222.npy
E:\MedicalData\2024CL-Detection\train/Image/223.npy,E:\MedicalData\2024CL-Detection\train/Mask/223.npy
E:\MedicalData\2024CL-Detection\train/Image/224.npy,E:\MedicalData\2024CL-Detection\train/Mask/224.npy
E:\MedicalData\2024CL-Detection\train/Image/225.npy,E:\MedicalData\2024CL-Detection\train/Mask/225.npy
E:\MedicalData\2024CL-Detection\train/Image/226.npy,E:\MedicalData\2024CL-Detection\train/Mask/226.npy
E:\MedicalData\2024CL-Detection\train/Image/227.npy,E:\MedicalData\2024CL-Detection\train/Mask/227.npy
E:\MedicalData\2024CL-Detection\train/Image/228.npy,E:\MedicalData\2024CL-Detection\train/Mask/228.npy
E:\MedicalData\2024CL-Detection\train/Image/229.npy,E:\MedicalData\2024CL-Detection\train/Mask/229.npy
E:\MedicalData\2024CL-Detection\train/Image/23.npy,E:\MedicalData\2024CL-Detection\train/Mask/23.npy
E:\MedicalData\2024CL-Detection\train/Image/230.npy,E:\MedicalData\2024CL-Detection\train/Mask/230.npy
E:\MedicalData\2024CL-Detection\train/Image/232.npy,E:\MedicalData\2024CL-Detection\train/Mask/232.npy
E:\MedicalData\2024CL-Detection\train/Image/233.npy,E:\MedicalData\2024CL-Detection\train/Mask/233.npy
E:\MedicalData\2024CL-Detection\train/Image/234.npy,E:\MedicalData\2024CL-Detection\train/Mask/234.npy
E:\MedicalData\2024CL-Detection\train/Image/235.npy,E:\MedicalData\2024CL-Detection\train/Mask/235.npy
E:\MedicalData\2024CL-Detection\train/Image/236.npy,E:\MedicalData\2024CL-Detection\train/Mask/236.npy
E:\MedicalData\2024CL-Detection\train/Image/237.npy,E:\MedicalData\2024CL-Detection\train/Mask/237.npy
E:\MedicalData\2024CL-Detection\train/Image/238.npy,E:\MedicalData\2024CL-Detection\train/Mask/238.npy
E:\MedicalData\2024CL-Detection\train/Image/24.npy,E:\MedicalData\2024CL-Detection\train/Mask/24.npy
E:\MedicalData\2024CL-Detection\train/Image/240.npy,E:\MedicalData\2024CL-Detection\train/Mask/240.npy
E:\MedicalData\2024CL-Detection\train/Image/241.npy,E:\MedicalData\2024CL-Detection\train/Mask/241.npy
E:\MedicalData\2024CL-Detection\train/Image/242.npy,E:\MedicalData\2024CL-Detection\train/Mask/242.npy
E:\MedicalData\2024CL-Detection\train/Image/243.npy,E:\MedicalData\2024CL-Detection\train/Mask/243.npy
E:\MedicalData\2024CL-Detection\train/Image/244.npy,E:\MedicalData\2024CL-Detection\train/Mask/244.npy
E:\MedicalData\2024CL-Detection\train/Image/245.npy,E:\MedicalData\2024CL-Detection\train/Mask/245.npy
E:\MedicalData\2024CL-Detection\train/Image/246.npy,E:\MedicalData\2024CL-Detection\train/Mask/246.npy
E:\MedicalData\2024CL-Detection\train/Image/247.npy,E:\MedicalData\2024CL-Detection\train/Mask/247.npy
E:\MedicalData\2024CL-Detection\train/Image/248.npy,E:\MedicalData\2024CL-Detection\train/Mask/248.npy
E:\MedicalData\2024CL-Detection\train/Image/249.npy,E:\MedicalData\2024CL-Detection\train/Mask/249.npy
E:\MedicalData\2024CL-Detection\train/Image/25.npy,E:\MedicalData\2024CL-Detection\train/Mask/25.npy
E:\MedicalData\2024CL-Detection\train/Image/250.npy,E:\MedicalData\2024CL-Detection\train/Mask/250.npy
E:\MedicalData\2024CL-Detection\train/Image/251.npy,E:\MedicalData\2024CL-Detection\train/Mask/251.npy
E:\MedicalData\2024CL-Detection\train/Image/252.npy,E:\MedicalData\2024CL-Detection\train/Mask/252.npy
E:\MedicalData\2024CL-Detection\train/Image/253.npy,E:\MedicalData\2024CL-Detection\train/Mask/253.npy
E:\MedicalData\2024CL-Detection\train/Image/254.npy,E:\MedicalData\2024CL-Detection\train/Mask/254.npy
E:\MedicalData\2024CL-Detection\train/Image/255.npy,E:\MedicalData\2024CL-Detection\train/Mask/255.npy
E:\MedicalData\2024CL-Detection\train/Image/256.npy,E:\MedicalData\2024CL-Detection\train/Mask/256.npy
E:\MedicalData\2024CL-Detection\train/Image/257.npy,E:\MedicalData\2024CL-Detection\train/Mask/257.npy
E:\MedicalData\2024CL-Detection\train/Image/258.npy,E:\MedicalData\2024CL-Detection\train/Mask/258.npy
E:\MedicalData\2024CL-Detection\train/Image/26.npy,E:\MedicalData\2024CL-Detection\train/Mask/26.npy
E:\MedicalData\2024CL-Detection\train/Image/262.npy,E:\MedicalData\2024CL-Detection\train/Mask/262.npy
E:\MedicalData\2024CL-Detection\train/Image/263.npy,E:\MedicalData\2024CL-Detection\train/Mask/263.npy
E:\MedicalData\2024CL-Detection\train/Image/264.npy,E:\MedicalData\2024CL-Detection\train/Mask/264.npy
E:\MedicalData\2024CL-Detection\train/Image/265.npy,E:\MedicalData\2024CL-Detection\train/Mask/265.npy
E:\MedicalData\2024CL-Detection\train/Image/266.npy,E:\MedicalData\2024CL-Detection\train/Mask/266.npy
E:\MedicalData\2024CL-Detection\train/Image/267.npy,E:\MedicalData\2024CL-Detection\train/Mask/267.npy
E:\MedicalData\2024CL-Detection\train/Image/269.npy,E:\MedicalData\2024CL-Detection\train/Mask/269.npy
E:\MedicalData\2024CL-Detection\train/Image/27.npy,E:\MedicalData\2024CL-Detection\train/Mask/27.npy
E:\MedicalData\2024CL-Detection\train/Image/270.npy,E:\MedicalData\2024CL-Detection\train/Mask/270.npy
E:\MedicalData\2024CL-Detection\train/Image/271.npy,E:\MedicalData\2024CL-Detection\train/Mask/271.npy
E:\MedicalData\2024CL-Detection\train/Image/272.npy,E:\MedicalData\2024CL-Detection\train/Mask/272.npy
E:\MedicalData\2024CL-Detection\train/Image/273.npy,E:\MedicalData\2024CL-Detection\train/Mask/273.npy
E:\MedicalData\2024CL-Detection\train/Image/274.npy,E:\MedicalData\2024CL-Detection\train/Mask/274.npy
E:\MedicalData\2024CL-Detection\train/Image/275.npy,E:\MedicalData\2024CL-Detection\train/Mask/275.npy
E:\MedicalData\2024CL-Detection\train/Image/276.npy,E:\MedicalData\2024CL-Detection\train/Mask/276.npy
E:\MedicalData\2024CL-Detection\train/Image/277.npy,E:\MedicalData\2024CL-Detection\train/Mask/277.npy
E:\MedicalData\2024CL-Detection\train/Image/278.npy,E:\MedicalData\2024CL-Detection\train/Mask/278.npy
E:\MedicalData\2024CL-Detection\train/Image/279.npy,E:\MedicalData\2024CL-Detection\train/Mask/279.npy
E:\MedicalData\2024CL-Detection\train/Image/28.npy,E:\MedicalData\2024CL-Detection\train/Mask/28.npy
E:\MedicalData\2024CL-Detection\train/Image/280.npy,E:\MedicalData\2024CL-Detection\train/Mask/280.npy
E:\MedicalData\2024CL-Detection\train/Image/281.npy,E:\MedicalData\2024CL-Detection\train/Mask/281.npy
E:\MedicalData\2024CL-Detection\train/Image/282.npy,E:\MedicalData\2024CL-Detection\train/Mask/282.npy
E:\MedicalData\2024CL-Detection\train/Image/283.npy,E:\MedicalData\2024CL-Detection\train/Mask/283.npy
E:\MedicalData\2024CL-Detection\train/Image/284.npy,E:\MedicalData\2024CL-Detection\train/Mask/284.npy
E:\MedicalData\2024CL-Detection\train/Image/285.npy,E:\MedicalData\2024CL-Detection\train/Mask/285.npy
E:\MedicalData\2024CL-Detection\train/Image/286.npy,E:\MedicalData\2024CL-Detection\train/Mask/286.npy
E:\MedicalData\2024CL-Detection\train/Image/287.npy,E:\MedicalData\2024CL-Detection\train/Mask/287.npy
E:\MedicalData\2024CL-Detection\train/Image/288.npy,E:\MedicalData\2024CL-Detection\train/Mask/288.npy
E:\MedicalData\2024CL-Detection\train/Image/289.npy,E:\MedicalData\2024CL-Detection\train/Mask/289.npy
E:\MedicalData\2024CL-Detection\train/Image/29.npy,E:\MedicalData\2024CL-Detection\train/Mask/29.npy
E:\MedicalData\2024CL-Detection\train/Image/290.npy,E:\MedicalData\2024CL-Detection\train/Mask/290.npy
E:\MedicalData\2024CL-Detection\train/Image/291.npy,E:\MedicalData\2024CL-Detection\train/Mask/291.npy
E:\MedicalData\2024CL-Detection\train/Image/292.npy,E:\MedicalData\2024CL-Detection\train/Mask/292.npy
E:\MedicalData\2024CL-Detection\train/Image/293.npy,E:\MedicalData\2024CL-Detection\train/Mask/293.npy
E:\MedicalData\2024CL-Detection\train/Image/294.npy,E:\MedicalData\2024CL-Detection\train/Mask/294.npy
E:\MedicalData\2024CL-Detection\train/Image/295.npy,E:\MedicalData\2024CL-Detection\train/Mask/295.npy
E:\MedicalData\2024CL-Detection\train/Image/296.npy,E:\MedicalData\2024CL-Detection\train/Mask/296.npy
E:\MedicalData\2024CL-Detection\train/Image/297.npy,E:\MedicalData\2024CL-Detection\train/Mask/297.npy
E:\MedicalData\2024CL-Detection\train/Image/298.npy,E:\MedicalData\2024CL-Detection\train/Mask/298.npy
E:\MedicalData\2024CL-Detection\train/Image/299.npy,E:\MedicalData\2024CL-Detection\train/Mask/299.npy
E:\MedicalData\2024CL-Detection\train/Image/3.npy,E:\MedicalData\2024CL-Detection\train/Mask/3.npy
E:\MedicalData\2024CL-Detection\train/Image/30.npy,E:\MedicalData\2024CL-Detection\train/Mask/30.npy
E:\MedicalData\2024CL-Detection\train/Image/300.npy,E:\MedicalData\2024CL-Detection\train/Mask/300.npy
E:\MedicalData\2024CL-Detection\train/Image/301.npy,E:\MedicalData\2024CL-Detection\train/Mask/301.npy
E:\MedicalData\2024CL-Detection\train/Image/303.npy,E:\MedicalData\2024CL-Detection\train/Mask/303.npy
E:\MedicalData\2024CL-Detection\train/Image/304.npy,E:\MedicalData\2024CL-Detection\train/Mask/304.npy
E:\MedicalData\2024CL-Detection\train/Image/305.npy,E:\MedicalData\2024CL-Detection\train/Mask/305.npy
E:\MedicalData\2024CL-Detection\train/Image/306.npy,E:\MedicalData\2024CL-Detection\train/Mask/306.npy
E:\MedicalData\2024CL-Detection\train/Image/307.npy,E:\MedicalData\2024CL-Detection\train/Mask/307.npy
E:\MedicalData\2024CL-Detection\train/Image/308.npy,E:\MedicalData\2024CL-Detection\train/Mask/308.npy
E:\MedicalData\2024CL-Detection\train/Image/309.npy,E:\MedicalData\2024CL-Detection\train/Mask/309.npy
E:\MedicalData\2024CL-Detection\train/Image/31.npy,E:\MedicalData\2024CL-Detection\train/Mask/31.npy
E:\MedicalData\2024CL-Detection\train/Image/311.npy,E:\MedicalData\2024CL-Detection\train/Mask/311.npy
E:\MedicalData\2024CL-Detection\train/Image/313.npy,E:\MedicalData\2024CL-Detection\train/Mask/313.npy
E:\MedicalData\2024CL-Detection\train/Image/315.npy,E:\MedicalData\2024CL-Detection\train/Mask/315.npy
E:\MedicalData\2024CL-Detection\train/Image/316.npy,E:\MedicalData\2024CL-Detection\train/Mask/316.npy
E:\MedicalData\2024CL-Detection\train/Image/318.npy,E:\MedicalData\2024CL-Detection\train/Mask/318.npy
E:\MedicalData\2024CL-Detection\train/Image/319.npy,E:\MedicalData\2024CL-Detection\train/Mask/319.npy
E:\MedicalData\2024CL-Detection\train/Image/32.npy,E:\MedicalData\2024CL-Detection\train/Mask/32.npy
E:\MedicalData\2024CL-Detection\train/Image/320.npy,E:\MedicalData\2024CL-Detection\train/Mask/320.npy
E:\MedicalData\2024CL-Detection\train/Image/321.npy,E:\MedicalData\2024CL-Detection\train/Mask/321.npy
E:\MedicalData\2024CL-Detection\train/Image/322.npy,E:\MedicalData\2024CL-Detection\train/Mask/322.npy
E:\MedicalData\2024CL-Detection\train/Image/323.npy,E:\MedicalData\2024CL-Detection\train/Mask/323.npy
E:\MedicalData\2024CL-Detection\train/Image/324.npy,E:\MedicalData\2024CL-Detection\train/Mask/324.npy
E:\MedicalData\2024CL-Detection\train/Image/325.npy,E:\MedicalData\2024CL-Detection\train/Mask/325.npy
E:\MedicalData\2024CL-Detection\train/Image/326.npy,E:\MedicalData\2024CL-Detection\train/Mask/326.npy
E:\MedicalData\2024CL-Detection\train/Image/327.npy,E:\MedicalData\2024CL-Detection\train/Mask/327.npy
E:\MedicalData\2024CL-Detection\train/Image/328.npy,E:\MedicalData\2024CL-Detection\train/Mask/328.npy
E:\MedicalData\2024CL-Detection\train/Image/329.npy,E:\MedicalData\2024CL-Detection\train/Mask/329.npy
E:\MedicalData\2024CL-Detection\train/Image/33.npy,E:\MedicalData\2024CL-Detection\train/Mask/33.npy
E:\MedicalData\2024CL-Detection\train/Image/330.npy,E:\MedicalData\2024CL-Detection\train/Mask/330.npy
E:\MedicalData\2024CL-Detection\train/Image/331.npy,E:\MedicalData\2024CL-Detection\train/Mask/331.npy
E:\MedicalData\2024CL-Detection\train/Image/332.npy,E:\MedicalData\2024CL-Detection\train/Mask/332.npy
E:\MedicalData\2024CL-Detection\train/Image/333.npy,E:\MedicalData\2024CL-Detection\train/Mask/333.npy
E:\MedicalData\2024CL-Detection\train/Image/334.npy,E:\MedicalData\2024CL-Detection\train/Mask/334.npy
E:\MedicalData\2024CL-Detection\train/Image/335.npy,E:\MedicalData\2024CL-Detection\train/Mask/335.npy
E:\MedicalData\2024CL-Detection\train/Image/336.npy,E:\MedicalData\2024CL-Detection\train/Mask/336.npy
E:\MedicalData\2024CL-Detection\train/Image/337.npy,E:\MedicalData\2024CL-Detection\train/Mask/337.npy
E:\MedicalData\2024CL-Detection\train/Image/338.npy,E:\MedicalData\2024CL-Detection\train/Mask/338.npy
E:\MedicalData\2024CL-Detection\train/Image/339.npy,E:\MedicalData\2024CL-Detection\train/Mask/339.npy
E:\MedicalData\2024CL-Detection\train/Image/34.npy,E:\MedicalData\2024CL-Detection\train/Mask/34.npy
E:\MedicalData\2024CL-Detection\train/Image/340.npy,E:\MedicalData\2024CL-Detection\train/Mask/340.npy
E:\MedicalData\2024CL-Detection\train/Image/341.npy,E:\MedicalData\2024CL-Detection\train/Mask/341.npy
E:\MedicalData\2024CL-Detection\train/Image/342.npy,E:\MedicalData\2024CL-Detection\train/Mask/342.npy
E:\MedicalData\2024CL-Detection\train/Image/343.npy,E:\MedicalData\2024CL-Detection\train/Mask/343.npy
E:\MedicalData\2024CL-Detection\train/Image/344.npy,E:\MedicalData\2024CL-Detection\train/Mask/344.npy
E:\MedicalData\2024CL-Detection\train/Image/345.npy,E:\MedicalData\2024CL-Detection\train/Mask/345.npy
E:\MedicalData\2024CL-Detection\train/Image/346.npy,E:\MedicalData\2024CL-Detection\train/Mask/346.npy
E:\MedicalData\2024CL-Detection\train/Image/347.npy,E:\MedicalData\2024CL-Detection\train/Mask/347.npy
E:\MedicalData\2024CL-Detection\train/Image/349.npy,E:\MedicalData\2024CL-Detection\train/Mask/349.npy
E:\MedicalData\2024CL-Detection\train/Image/35.npy,E:\MedicalData\2024CL-Detection\train/Mask/35.npy
E:\MedicalData\2024CL-Detection\train/Image/350.npy,E:\MedicalData\2024CL-Detection\train/Mask/350.npy
E:\MedicalData\2024CL-Detection\train/Image/352.npy,E:\MedicalData\2024CL-Detection\train/Mask/352.npy
E:\MedicalData\2024CL-Detection\train/Image/353.npy,E:\MedicalData\2024CL-Detection\train/Mask/353.npy
E:\MedicalData\2024CL-Detection\train/Image/354.npy,E:\MedicalData\2024CL-Detection\train/Mask/354.npy
E:\MedicalData\2024CL-Detection\train/Image/355.npy,E:\MedicalData\2024CL-Detection\train/Mask/355.npy
E:\MedicalData\2024CL-Detection\train/Image/356.npy,E:\MedicalData\2024CL-Detection\train/Mask/356.npy
E:\MedicalData\2024CL-Detection\train/Image/357.npy,E:\MedicalData\2024CL-Detection\train/Mask/357.npy
E:\MedicalData\2024CL-Detection\train/Image/358.npy,E:\MedicalData\2024CL-Detection\train/Mask/358.npy
E:\MedicalData\2024CL-Detection\train/Image/359.npy,E:\MedicalData\2024CL-Detection\train/Mask/359.npy
E:\MedicalData\2024CL-Detection\train/Image/36.npy,E:\MedicalData\2024CL-Detection\train/Mask/36.npy
E:\MedicalData\2024CL-Detection\train/Image/360.npy,E:\MedicalData\2024CL-Detection\train/Mask/360.npy
E:\MedicalData\2024CL-Detection\train/Image/362.npy,E:\MedicalData\2024CL-Detection\train/Mask/362.npy
E:\MedicalData\2024CL-Detection\train/Image/363.npy,E:\MedicalData\2024CL-Detection\train/Mask/363.npy
E:\MedicalData\2024CL-Detection\train/Image/364.npy,E:\MedicalData\2024CL-Detection\train/Mask/364.npy
E:\MedicalData\2024CL-Detection\train/Image/365.npy,E:\MedicalData\2024CL-Detection\train/Mask/365.npy
E:\MedicalData\2024CL-Detection\train/Image/366.npy,E:\MedicalData\2024CL-Detection\train/Mask/366.npy
E:\MedicalData\2024CL-Detection\train/Image/367.npy,E:\MedicalData\2024CL-Detection\train/Mask/367.npy
E:\MedicalData\2024CL-Detection\train/Image/368.npy,E:\MedicalData\2024CL-Detection\train/Mask/368.npy
E:\MedicalData\2024CL-Detection\train/Image/369.npy,E:\MedicalData\2024CL-Detection\train/Mask/369.npy
E:\MedicalData\2024CL-Detection\train/Image/37.npy,E:\MedicalData\2024CL-Detection\train/Mask/37.npy
E:\MedicalData\2024CL-Detection\train/Image/370.npy,E:\MedicalData\2024CL-Detection\train/Mask/370.npy
E:\MedicalData\2024CL-Detection\train/Image/371.npy,E:\MedicalData\2024CL-Detection\train/Mask/371.npy
E:\MedicalData\2024CL-Detection\train/Image/372.npy,E:\MedicalData\2024CL-Detection\train/Mask/372.npy
E:\MedicalData\2024CL-Detection\train/Image/373.npy,E:\MedicalData\2024CL-Detection\train/Mask/373.npy
E:\MedicalData\2024CL-Detection\train/Image/374.npy,E:\MedicalData\2024CL-Detection\train/Mask/374.npy
E:\MedicalData\2024CL-Detection\train/Image/375.npy,E:\MedicalData\2024CL-Detection\train/Mask/375.npy
E:\MedicalData\2024CL-Detection\train/Image/376.npy,E:\MedicalData\2024CL-Detection\train/Mask/376.npy
E:\MedicalData\2024CL-Detection\train/Image/377.npy,E:\MedicalData\2024CL-Detection\train/Mask/377.npy
E:\MedicalData\2024CL-Detection\train/Image/378.npy,E:\MedicalData\2024CL-Detection\train/Mask/378.npy
E:\MedicalData\2024CL-Detection\train/Image/379.npy,E:\MedicalData\2024CL-Detection\train/Mask/379.npy
E:\MedicalData\2024CL-Detection\train/Image/38.npy,E:\MedicalData\2024CL-Detection\train/Mask/38.npy
E:\MedicalData\2024CL-Detection\train/Image/380.npy,E:\MedicalData\2024CL-Detection\train/Mask/380.npy
E:\MedicalData\2024CL-Detection\train/Image/382.npy,E:\MedicalData\2024CL-Detection\train/Mask/382.npy
E:\MedicalData\2024CL-Detection\train/Image/383.npy,E:\MedicalData\2024CL-Detection\train/Mask/383.npy
E:\MedicalData\2024CL-Detection\train/Image/384.npy,E:\MedicalData\2024CL-Detection\train/Mask/384.npy
E:\MedicalData\2024CL-Detection\train/Image/385.npy,E:\MedicalData\2024CL-Detection\train/Mask/385.npy
E:\MedicalData\2024CL-Detection\train/Image/386.npy,E:\MedicalData\2024CL-Detection\train/Mask/386.npy
E:\MedicalData\2024CL-Detection\train/Image/387.npy,E:\MedicalData\2024CL-Detection\train/Mask/387.npy
E:\MedicalData\2024CL-Detection\train/Image/389.npy,E:\MedicalData\2024CL-Detection\train/Mask/389.npy
E:\MedicalData\2024CL-Detection\train/Image/390.npy,E:\MedicalData\2024CL-Detection\train/Mask/390.npy
E:\MedicalData\2024CL-Detection\train/Image/391.npy,E:\MedicalData\2024CL-Detection\train/Mask/391.npy
E:\MedicalData\2024CL-Detection\train/Image/392.npy,E:\MedicalData\2024CL-Detection\train/Mask/392.npy
E:\MedicalData\2024CL-Detection\train/Image/393.npy,E:\MedicalData\2024CL-Detection\train/Mask/393.npy
E:\MedicalData\2024CL-Detection\train/Image/394.npy,E:\MedicalData\2024CL-Detection\train/Mask/394.npy
E:\MedicalData\2024CL-Detection\train/Image/396.npy,E:\MedicalData\2024CL-Detection\train/Mask/396.npy
E:\MedicalData\2024CL-Detection\train/Image/4.npy,E:\MedicalData\2024CL-Detection\train/Mask/4.npy
E:\MedicalData\2024CL-Detection\train/Image/40.npy,E:\MedicalData\2024CL-Detection\train/Mask/40.npy
E:\MedicalData\2024CL-Detection\train/Image/41.npy,E:\MedicalData\2024CL-Detection\train/Mask/41.npy
E:\MedicalData\2024CL-Detection\train/Image/42.npy,E:\MedicalData\2024CL-Detection\train/Mask/42.npy
E:\MedicalData\2024CL-Detection\train/Image/43.npy,E:\MedicalData\2024CL-Detection\train/Mask/43.npy
E:\MedicalData\2024CL-Detection\train/Image/44.npy,E:\MedicalData\2024CL-Detection\train/Mask/44.npy
E:\MedicalData\2024CL-Detection\train/Image/45.npy,E:\MedicalData\2024CL-Detection\train/Mask/45.npy
E:\MedicalData\2024CL-Detection\train/Image/46.npy,E:\MedicalData\2024CL-Detection\train/Mask/46.npy
E:\MedicalData\2024CL-Detection\train/Image/47.npy,E:\MedicalData\2024CL-Detection\train/Mask/47.npy
E:\MedicalData\2024CL-Detection\train/Image/48.npy,E:\MedicalData\2024CL-Detection\train/Mask/48.npy
E:\MedicalData\2024CL-Detection\train/Image/49.npy,E:\MedicalData\2024CL-Detection\train/Mask/49.npy
E:\MedicalData\2024CL-Detection\train/Image/5.npy,E:\MedicalData\2024CL-Detection\train/Mask/5.npy
E:\MedicalData\2024CL-Detection\train/Image/50.npy,E:\MedicalData\2024CL-Detection\train/Mask/50.npy
E:\MedicalData\2024CL-Detection\train/Image/51.npy,E:\MedicalData\2024CL-Detection\train/Mask/51.npy
E:\MedicalData\2024CL-Detection\train/Image/52.npy,E:\MedicalData\2024CL-Detection\train/Mask/52.npy
E:\MedicalData\2024CL-Detection\train/Image/53.npy,E:\MedicalData\2024CL-Detection\train/Mask/53.npy
E:\MedicalData\2024CL-Detection\train/Image/54.npy,E:\MedicalData\2024CL-Detection\train/Mask/54.npy
E:\MedicalData\2024CL-Detection\train/Image/55.npy,E:\MedicalData\2024CL-Detection\train/Mask/55.npy
E:\MedicalData\2024CL-Detection\train/Image/56.npy,E:\MedicalData\2024CL-Detection\train/Mask/56.npy
E:\MedicalData\2024CL-Detection\train/Image/57.npy,E:\MedicalData\2024CL-Detection\train/Mask/57.npy
E:\MedicalData\2024CL-Detection\train/Image/58.npy,E:\MedicalData\2024CL-Detection\train/Mask/58.npy
E:\MedicalData\2024CL-Detection\train/Image/59.npy,E:\MedicalData\2024CL-Detection\train/Mask/59.npy
E:\MedicalData\2024CL-Detection\train/Image/6.npy,E:\MedicalData\2024CL-Detection\train/Mask/6.npy
E:\MedicalData\2024CL-Detection\train/Image/60.npy,E:\MedicalData\2024CL-Detection\train/Mask/60.npy
E:\MedicalData\2024CL-Detection\train/Image/61.npy,E:\MedicalData\2024CL-Detection\train/Mask/61.npy
E:\MedicalData\2024CL-Detection\train/Image/62.npy,E:\MedicalData\2024CL-Detection\train/Mask/62.npy
E:\MedicalData\2024CL-Detection\train/Image/63.npy,E:\MedicalData\2024CL-Detection\train/Mask/63.npy
E:\MedicalData\2024CL-Detection\train/Image/64.npy,E:\MedicalData\2024CL-Detection\train/Mask/64.npy
E:\MedicalData\2024CL-Detection\train/Image/67.npy,E:\MedicalData\2024CL-Detection\train/Mask/67.npy
E:\MedicalData\2024CL-Detection\train/Image/68.npy,E:\MedicalData\2024CL-Detection\train/Mask/68.npy
E:\MedicalData\2024CL-Detection\train/Image/69.npy,E:\MedicalData\2024CL-Detection\train/Mask/69.npy
E:\MedicalData\2024CL-Detection\train/Image/7.npy,E:\MedicalData\2024CL-Detection\train/Mask/7.npy
E:\MedicalData\2024CL-Detection\train/Image/70.npy,E:\MedicalData\2024CL-Detection\train/Mask/70.npy
E:\MedicalData\2024CL-Detection\train/Image/71.npy,E:\MedicalData\2024CL-Detection\train/Mask/71.npy
E:\MedicalData\2024CL-Detection\train/Image/72.npy,E:\MedicalData\2024CL-Detection\train/Mask/72.npy
E:\MedicalData\2024CL-Detection\train/Image/73.npy,E:\MedicalData\2024CL-Detection\train/Mask/73.npy
E:\MedicalData\2024CL-Detection\train/Image/74.npy,E:\MedicalData\2024CL-Detection\train/Mask/74.npy
E:\MedicalData\2024CL-Detection\train/Image/75.npy,E:\MedicalData\2024CL-Detection\train/Mask/75.npy
E:\MedicalData\2024CL-Detection\train/Image/76.npy,E:\MedicalData\2024CL-Detection\train/Mask/76.npy
E:\MedicalData\2024CL-Detection\train/Image/77.npy,E:\MedicalData\2024CL-Detection\train/Mask/77.npy
E:\MedicalData\2024CL-Detection\train/Image/78.npy,E:\MedicalData\2024CL-Detection\train/Mask/78.npy
E:\MedicalData\2024CL-Detection\train/Image/79.npy,E:\MedicalData\2024CL-Detection\train/Mask/79.npy
E:\MedicalData\2024CL-Detection\train/Image/8.npy,E:\MedicalData\2024CL-Detection\train/Mask/8.npy
E:\MedicalData\2024CL-Detection\train/Image/80.npy,E:\MedicalData\2024CL-Detection\train/Mask/80.npy
E:\MedicalData\2024CL-Detection\train/Image/82.npy,E:\MedicalData\2024CL-Detection\train/Mask/82.npy
E:\MedicalData\2024CL-Detection\train/Image/83.npy,E:\MedicalData\2024CL-Detection\train/Mask/83.npy
E:\MedicalData\2024CL-Detection\train/Image/84.npy,E:\MedicalData\2024CL-Detection\train/Mask/84.npy
E:\MedicalData\2024CL-Detection\train/Image/85.npy,E:\MedicalData\2024CL-Detection\train/Mask/85.npy
E:\MedicalData\2024CL-Detection\train/Image/86.npy,E:\MedicalData\2024CL-Detection\train/Mask/86.npy
E:\MedicalData\2024CL-Detection\train/Image/87.npy,E:\MedicalData\2024CL-Detection\train/Mask/87.npy
E:\MedicalData\2024CL-Detection\train/Image/88.npy,E:\MedicalData\2024CL-Detection\train/Mask/88.npy
E:\MedicalData\2024CL-Detection\train/Image/89.npy,E:\MedicalData\2024CL-Detection\train/Mask/89.npy
E:\MedicalData\2024CL-Detection\train/Image/9.npy,E:\MedicalData\2024CL-Detection\train/Mask/9.npy
E:\MedicalData\2024CL-Detection\train/Image/90.npy,E:\MedicalData\2024CL-Detection\train/Mask/90.npy
E:\MedicalData\2024CL-Detection\train/Image/91.npy,E:\MedicalData\2024CL-Detection\train/Mask/91.npy
E:\MedicalData\2024CL-Detection\train/Image/92.npy,E:\MedicalData\2024CL-Detection\train/Mask/92.npy
E:\MedicalData\2024CL-Detection\train/Image/94.npy,E:\MedicalData\2024CL-Detection\train/Mask/94.npy
E:\MedicalData\2024CL-Detection\train/Image/95.npy,E:\MedicalData\2024CL-Detection\train/Mask/95.npy
E:\MedicalData\2024CL-Detection\train/Image/96.npy,E:\MedicalData\2024CL-Detection\train/Mask/96.npy
E:\MedicalData\2024CL-Detection\train/Image/97.npy,E:\MedicalData\2024CL-Detection\train/Mask/97.npy
E:\MedicalData\2024CL-Detection\train/Image/98.npy,E:\MedicalData\2024CL-Detection\train/Mask/98.npy
E:\MedicalData\2024CL-Detection\train/Image/99.npy,E:\MedicalData\2024CL-Detection\train/Mask/99.npy
